Computer;IP address;Deployment;Date
2016VEG0988;172.30.0.1;OK;15-févr.
2016ILC1165;172.30.0.2;OK;15-févr.
2015VEG0888;172.30.0.4;OK;15-févr.
2015VEG0893;172.30.0.5;OK;15-févr.
2016ILC1045;172.30.0.6;OK;16-févr.
2016ILC1035;172.30.0.7;OK;15-févr.
2016ILC1167;172.30.0.8;OK;15-févr.
DIR4;172.30.0.10;;
2012CVH0574;172.30.0.12;OK;15-févr.
2015VEG0879;172.30.0.13;OK;15-févr.
2015VEG0884;172.30.0.14;OK;15-févr.
2016VEG1000;172.30.0.15;OK;15-févr.
2016VEG1006;172.30.0.16;OK;15-févr.
2016VEG1001;172.30.0.18;OK;15-févr.
2016ILC1140;172.30.0.19;OK;15-févr.
2016ILC1036;172.30.0.20;OK;15-févr.
2016ILC1161;172.30.0.21;OK;15-févr.
2015VEG0894;172.30.0.22;OK;15-févr.
2016VEG1003;172.30.0.23;OK;15-févr.
2017ILC1207;172.30.0.24;OK;15-févr.
2015VEG0892;172.30.0.25;OK;15-févr.
2016ILC1041;172.30.0.27;OK;15-févr.
2012VEG0579;172.30.0.29;OK;15-févr.
2016ILC1200;172.30.0.30;OK;15-févr.
2015VEG0961;172.30.0.31;OK;15-févr.
2016ILC1116;172.30.0.32;OK;15-févr.
2015VEG0959;172.30.0.33;OK;15-févr.
2015VEG0960;172.30.0.34;OK;15-févr.
2016VEG0997;172.30.0.35;OK;15-févr.
2016ILC1163;172.30.0.36;OK;15-févr.
2016ILC1032;172.30.0.38;OK;15-févr.
2016ILC1114;172.30.0.40;OK;15-févr.
2016ILC1113;172.30.0.41;OK;15-févr.
2015VEG0895;172.30.0.42;OK;15-févr.
2016ILC1027;172.30.0.43;OK;15-févr.
2016ILC1026;172.30.0.44;OK;15-févr.
2012VEG0621;172.30.0.46;OK;15-févr.
2011VEG0502;172.30.0.49;OK;15-févr.
2016ILC1025;172.30.0.50;OK;15-févr.
2016ILC1193;172.30.0.51;OK;15-févr.
2016ILC1168;172.30.0.52;OK;15-févr.
2016ILC1048;172.30.0.54;OK;15-févr.
2016ILC1046;172.30.0.55;OK;15-févr.
2016VEG0998;172.30.0.57;OK;15-févr.
2016ILC1047;172.30.0.59;OK;15-févr.
2016ILC1030;172.30.0.60;OK;15-févr.
2016ILC1137;172.30.0.61;OK;15-févr.
2016ILC1138;172.30.0.62;OK;15-févr.
2016ILC1149;172.30.0.63;OK;16-févr.
2016ILC1197;172.30.0.65;OK;16-févr.
2012VEG0582;172.30.0.66;OK;15-févr.
2016ILC1136;172.30.0.67;OK;15-févr.
2012CVH0570;172.30.0.68;OK;15-févr.
2016ILC1177;172.30.0.69;OK;15-févr.
2016ILC1196;172.30.0.70;OK;15-févr.
2017ILC1222;172.30.0.71;OK;15-févr.
2016ILC1107;172.30.0.72;OK;15-févr.
2012CVH0576;172.30.0.72;OK;15-févr.
2016ILC1147;172.30.0.75;OK;15-févr.
2016ILC1042;172.30.0.76;OK;15-févr.
2016ILC1166;172.30.0.77;OK;16-févr.
2017ILC1223;172.30.0.78;OK;15-févr.
2016ILC1179;172.30.0.78;OK;15-févr.
2016ILC1169;172.30.0.79;OK;15-févr.
2016ILC1181;172.30.0.80;OK;15-févr.
2016ILC1164;172.30.0.81;OK;15-févr.
2016ILC1194;172.30.0.83;OK;15-févr.
2016ILC1178;172.30.0.87;OK;15-févr.
2012CVH0571;172.30.0.97;OK;15-févr.
2016ILC1028;172.30.0.100;OK;15-févr.
2016VEG0989;172.30.0.101;OK;15-févr.
2016VEG1002;172.30.0.102;OK;15-févr.
2016ILC1031;172.30.0.104;OK;15-févr.
2016ILC1118;172.30.0.105;OK;15-févr.
2016ILC1103;172.30.0.106;OK;15-févr.
2016ILC1110;172.30.0.107;OK;15-févr.
2011VEG0504;172.30.0.108;OK;15-févr.
2015VEG0876;172.30.0.109;OK;15-févr.
2016VEG1014;172.30.0.120;;
2016VEG0992;172.30.0.130;OK;15-févr.
2016ILC1039;172.30.0.131;OK;15-févr.
2016ILC1119;172.30.0.132;OK;15-févr.
2016ILC1160;172.30.0.133;OK;15-févr.
2016ILC1182;172.30.0.134;OK;15-févr.
2016ILC1104;172.30.0.141;OK;15-févr.
2016ILC1109;172.30.0.142;OK;15-févr.
2016ILC1106;172.30.0.143;OK;15-févr.
2016ILC1108;172.30.0.144;OK;16-févr.
CPTA20;172.30.0.145;OK;15-févr.
2016ILC1180;172.30.0.146;OK;15-févr.
2016ILC1120;172.30.0.147;OK;15-févr.
2016VEG0991;172.30.0.150;OK;15-févr.
2016ILC1184;172.30.0.151;OK;15-févr.
2016VEG0995;172.30.0.152;OK;15-févr.
2016VEG0999;172.30.0.153;OK;15-févr.
2016VEG0990;172.30.0.154;OK;15-févr.
2016VEG0996;172.30.0.155;OK;15-févr.
2016VEG1005;172.30.0.156;OK;15-févr.
2011VEG0498;172.30.0.157;OK;15-févr.
2016ILC1050;172.30.0.160;OK;15-févr.
2016ILC1112;172.30.0.161;OK;15-févr.
2016ILC1115;172.30.0.162;OK;15-févr.
2016ILC1044;172.30.0.170;OK;15-févr.
2016ILC1105;172.30.0.175;OK;16-févr.
SRV-2012JUP0548;172.30.0.245;;
DHCP-LM;172.30.0.250;;
2015VEG0850;172.72.1.14;OK;15-févr.
ACCJB8;172.72.1.24;OK;15-févr.
ACCJB6;172.72.1.25;OK;15-févr.
CSIDE;172.72.1.32;OK;16-janv.
CADREIDE2;172.72.1.34;OK;15-févr.
OFF-AMBU2;172.72.1.37;OK;15-févr.
2015VEG0853;172.72.1.38;OK;15-févr.
2013VEG0729;172.72.1.54;OK;15-févr.
2015VEG0887;172.72.1.56;OK;15-févr.
ARCHIVE15;172.72.1.74;OK;15-févr.
PHYSIC1;172.72.1.82;OK;15-févr.
PHYSIC3;172.72.1.86;OK;15-févr.
NOTE-SCAN;172.72.1.100;OK;15-févr.
NOTES-TB;172.72.1.105;OK;15-févr.
NOTE-CLINAC;172.72.1.106;OK;15-févr.
VIVOSOFT1;172.72.1.115;OK;15-févr.
VIVOSOFT2;172.72.1.116;OK;15-févr.
2015VEG0886;172.72.1.139;OK;
SECRMAJ1;172.72.1.145;;
SECRMAJ2;172.72.1.146;OK;
SECRMAJ3;172.72.1.147;;
SORECOH11;172.72.1.203;;
SORECOH4;172.72.1.204;;
2015SOR0919;172.72.1.206;OK;
2015SOR0920;172.72.1.207;OK;
DIR10;172.72.2.21;;
PORTMED4;172.72.5.37;OK;
ACCVH3;192.168.10.74;OK;
2017ILC1226;192.168.10.89;OK;
TROISC3;192.168.10.91;;
2015VEG0849;192.168.10.96;;
PMSI3;192.168.10.97;;
2015VEG0890;192.168.10.129;OK;
2011SOR0473;192.168.10.145;;
